Returned;Order ID
Yes;US-2020-100762
Yes;US-2020-100762
Yes;US-2020-100762
Yes;US-2020-100762
Yes;US-2020-100867
Yes;US-2020-102652
Yes;US-2020-102652
Yes;US-2020-102652
Yes;US-2020-102652
Yes;US-2020-103373
Yes;US-2020-103744
Yes;US-2020-103744
Yes;US-2020-103940
Yes;US-2020-103940
Yes;US-2020-103940
Yes;US-2020-103940
Yes;US-2020-104829
Yes;US-2020-105270
Yes;US-2020-105270
Yes;US-2020-108609
Yes;US-2020-108861
Yes;US-2020-109918
Yes;US-2020-109918
Yes;US-2020-109918
Yes;US-2020-110786
Yes;US-2020-110786
Yes;US-2020-110786
Yes;US-2020-110786
Yes;US-2020-110786
Yes;US-2020-110786
Yes;US-2020-110786
Yes;US-2020-111871
Yes;US-2020-116785
Yes;US-2020-116785
Yes;US-2020-123225
Yes;US-2020-123225
Yes;US-2020-123253
Yes;US-2020-123498
Yes;US-2020-123498
Yes;US-2020-124688
Yes;US-2020-124688
Yes;US-2020-124688
Yes;US-2020-126361
Yes;US-2020-126361
Yes;US-2020-126361
Yes;US-2020-126361
Yes;US-2020-126361
Yes;US-2020-126361
Yes;US-2020-126403
Yes;US-2020-126403
Yes;US-2020-126403
Yes;US-2020-126403
Yes;US-2020-126522
Yes;US-2020-127012
Yes;US-2020-127012
Yes;US-2020-127012
Yes;US-2020-127131
Yes;US-2020-127131
Yes;US-2020-127131
Yes;US-2020-127131
Yes;US-2020-133690
Yes;US-2020-133690
Yes;US-2020-134726
Yes;US-2020-134726
Yes;US-2020-135657
Yes;US-2020-135699
Yes;US-2020-135699
Yes;US-2020-140816
Yes;US-2020-141726
Yes;US-2020-141726
Yes;US-2020-141726
Yes;US-2020-141726
Yes;US-2020-142769
Yes;US-2020-142769
Yes;US-2020-142769
Yes;US-2020-142769
Yes;US-2020-142769
Yes;US-2020-142769
Yes;US-2020-142769
Yes;US-2020-142769
Yes;US-2020-143336
Yes;US-2020-143336
Yes;US-2020-143336
Yes;US-2020-143840
Yes;US-2020-143840
Yes;US-2020-148614
Yes;US-2020-148614
Yes;US-2020-148950
Yes;US-2020-148950
Yes;US-2020-148950
Yes;US-2020-151162
Yes;US-2020-151162
Yes;US-2020-151162
Yes;US-2020-151162
Yes;US-2020-151162
Yes;US-2020-152345
Yes;US-2020-152345
Yes;US-2020-153150
Yes;US-2020-156349
Yes;US-2020-156349
Yes;US-2020-156349
Yes;US-2020-157924
Yes;US-2020-157924
Yes;US-2020-159338
Yes;US-2020-160766
Yes;US-2020-160766
Yes;US-2020-160766
Yes;US-2020-160766
Yes;US-2020-160766
Yes;US-2020-160766
Yes;US-2020-160766
Yes;US-2020-160773
Yes;US-2020-160773
Yes;US-2020-164721
Yes;US-2020-164721
Yes;US-2020-164721
Yes;US-2020-164861
Yes;US-2020-166744
Yes;US-2020-166744
Yes;US-2020-166744
Yes;US-2020-169019
Yes;US-2020-169019
Yes;US-2020-169019
Yes;US-2020-169019
Yes;US-2020-169019
Yes;US-2020-169019
Yes;US-2021-101910
Yes;US-2021-103716
Yes;US-2021-103716
Yes;US-2021-104129
Yes;US-2021-104129
Yes;US-2021-105158
Yes;US-2021-105158
Yes;US-2021-107678
Yes;US-2021-107678
Yes;US-2021-107678
Yes;US-2021-107678
Yes;US-2021-109736
Yes;US-2021-110814
Yes;US-2021-110814
Yes;US-2021-110814
Yes;US-2021-111948
Yes;US-2021-111948
Yes;US-2021-112144
Yes;US-2021-112144
Yes;US-2021-113628
Yes;US-2021-113628
Yes;US-2021-113628
Yes;US-2021-113628
Yes;US-2021-113628
Yes;US-2021-113628
Yes;US-2021-114048
Yes;US-2021-116092
Yes;US-2021-116092
Yes;US-2021-116092
Yes;US-2021-116092
Yes;US-2021-116092
Yes;US-2021-119214
Yes;US-2021-119214
Yes;US-2021-119907
Yes;US-2021-123568
Yes;US-2021-123568
Yes;US-2021-123568
Yes;US-2021-123568
Yes;US-2021-124058
Yes;US-2021-124058
Yes;US-2021-130456
Yes;US-2021-130456
Yes;US-2021-130785
Yes;US-2021-130785
Yes;US-2021-130785
Yes;US-2021-132374
Yes;US-2021-132941
Yes;US-2021-132941
Yes;US-2021-132941
Yes;US-2021-134075
Yes;US-2021-134075
Yes;US-2021-134201
Yes;US-2021-134201
Yes;US-2021-135580
Yes;US-2021-135580
Yes;US-2021-135580
Yes;US-2021-135580
Yes;US-2021-135580
Yes;US-2021-138674
Yes;US-2021-138674
Yes;US-2021-138674
Yes;US-2021-139731
Yes;US-2021-139731
Yes;US-2021-140984
Yes;US-2021-140984
Yes;US-2021-140984
Yes;US-2021-141593
Yes;US-2021-141593
Yes;US-2021-141593
Yes;US-2021-141593
Yes;US-2021-142601
Yes;US-2021-142601
Yes;US-2021-143238
Yes;US-2021-143490
Yes;US-2021-143490
Yes;US-2021-143602
Yes;US-2021-144267
Yes;US-2021-144267
Yes;US-2021-144267
Yes;US-2021-144267
Yes;US-2021-146255
Yes;US-2021-146255
Yes;US-2021-146255
Yes;US-2021-146255
Yes;US-2021-146262
Yes;US-2021-146262
Yes;US-2021-146262
Yes;US-2021-146262
Yes;US-2021-146262
Yes;US-2021-146486
Yes;US-2021-146486
Yes;US-2021-146486
Yes;US-2021-146486
Yes;US-2021-148873
Yes;US-2021-148873
Yes;US-2021-149342
Yes;US-2021-149342
Yes;US-2021-149342
Yes;US-2021-149636
Yes;US-2021-149636
Yes;US-2021-149650
Yes;US-2021-150770
Yes;US-2021-150770
Yes;US-2021-150770
Yes;US-2021-150770
Yes;US-2021-150875
Yes;US-2021-150875
Yes;US-2021-151547
Yes;US-2021-153220
Yes;US-2021-154970
Yes;US-2021-155761
Yes;US-2021-155761
Yes;US-2021-156440
Yes;US-2021-157770
Yes;US-2021-157770
Yes;US-2021-157770
Yes;US-2021-157770
Yes;US-2021-157812
Yes;US-2021-157812
Yes;US-2021-157812
Yes;US-2021-161627
Yes;US-2021-162166
Yes;US-2021-162166
Yes;US-2021-164882
Yes;US-2021-164882
Yes;US-2021-164882
Yes;US-2021-164882
Yes;US-2021-164882
Yes;US-2021-164882
Yes;US-2021-164882
Yes;US-2021-164882
Yes;US-2021-164882
Yes;US-2021-168480
Yes;US-2021-168480
Yes;US-2021-168564
Yes;US-2021-168564
Yes;US-2021-168564
Yes;US-2021-169397
Yes;US-2021-169397
Yes;US-2021-169397
Yes;US-2021-169397
Yes;US-2021-169397
Yes;US-2021-169397
Yes;US-2022-104689
Yes;US-2022-105081
Yes;US-2022-105081
Yes;US-2022-105291
Yes;US-2022-105585
Yes;US-2022-105585
Yes;US-2022-106950
Yes;US-2022-106950
Yes;US-2022-106950
Yes;US-2022-106950
Yes;US-2022-106950
Yes;US-2022-106950
Yes;US-2022-109806
Yes;US-2022-109806
Yes;US-2022-109806
Yes;US-2022-109869
Yes;US-2022-109869
Yes;US-2022-109869
Yes;US-2022-109869
Yes;US-2022-109869
Yes;US-2022-111682
Yes;US-2022-111682
Yes;US-2022-111682
Yes;US-2022-111682
Yes;US-2022-111682
Yes;US-2022-111682
Yes;US-2022-111682
Yes;US-2022-112123
Yes;US-2022-112123
Yes;US-2022-112123
Yes;US-2022-112340
Yes;US-2022-113341
Yes;US-2022-114307
Yes;US-2022-114307
Yes;US-2022-114307
Yes;US-2022-114307
Yes;US-2022-114727
Yes;US-2022-114727
Yes;US-2022-114727
Yes;US-2022-114727
Yes;US-2022-114727
Yes;US-2022-115917
Yes;US-2022-115917
Yes;US-2022-116547
Yes;US-2022-116547
Yes;US-2022-116736
Yes;US-2022-116736
Yes;US-2022-116736
Yes;US-2022-118311
Yes;US-2022-118500
Yes;US-2022-118899
Yes;US-2022-120873
Yes;US-2022-123526
Yes;US-2022-124527
Yes;US-2022-126529
Yes;US-2022-126529
Yes;US-2022-126529
Yes;US-2022-126732
Yes;US-2022-126732
Yes;US-2022-126732
Yes;US-2022-126732
Yes;US-2022-126732
Yes;US-2022-126732
Yes;US-2022-128671
Yes;US-2022-128671
Yes;US-2022-128671
Yes;US-2022-130477
Yes;US-2022-130477
Yes;US-2022-130477
Yes;US-2022-130638
Yes;US-2022-130638
Yes;US-2022-130680
Yes;US-2022-133319
Yes;US-2022-133368
Yes;US-2022-133368
Yes;US-2022-133802
Yes;US-2022-134775
Yes;US-2022-134775
Yes;US-2022-134803
Yes;US-2022-134803
Yes;US-2022-134803
Yes;US-2022-134803
Yes;US-2022-134803
Yes;US-2022-136483
Yes;US-2022-136924
Yes;US-2022-138282
Yes;US-2022-139269
Yes;US-2022-139269
Yes;US-2022-139269
Yes;US-2022-142398
Yes;US-2022-142398
Yes;US-2022-145261
Yes;US-2022-145261
Yes;US-2022-145261
Yes;US-2022-145261
Yes;US-2022-145261
Yes;US-2022-145261
Yes;US-2022-145261
Yes;US-2022-145492
Yes;US-2022-145583
Yes;US-2022-145583
Yes;US-2022-145583
Yes;US-2022-145583
Yes;US-2022-145583
Yes;US-2022-145583
Yes;US-2022-145583
Yes;US-2022-145919
Yes;US-2022-145919
Yes;US-2022-145919
Yes;US-2022-145982
Yes;US-2022-145982
Yes;US-2022-145982
Yes;US-2022-145982
Yes;US-2022-145982
Yes;US-2022-145982
Yes;US-2022-147375
Yes;US-2022-147375
Yes;US-2022-148796
Yes;US-2022-150077
Yes;US-2022-151323
Yes;US-2022-151372
Yes;US-2022-151372
Yes;US-2022-151372
Yes;US-2022-152814
Yes;US-2022-157280
Yes;US-2022-157280
Yes;US-2022-157280
Yes;US-2022-159023
Yes;US-2022-159023
Yes;US-2022-159212
Yes;US-2022-159212
Yes;US-2022-159345
Yes;US-2022-161746
Yes;US-2022-161746
Yes;US-2022-161746
Yes;US-2022-161746
Yes;US-2022-162138
Yes;US-2022-162138
Yes;US-2022-162159
Yes;US-2022-165330
Yes;US-2022-165330
Yes;US-2022-165330
Yes;US-2022-165330
Yes;US-2022-165330
Yes;US-2022-165330
Yes;US-2022-165330
Yes;US-2022-165330
Yes;US-2022-165330
Yes;US-2022-165330
Yes;US-2022-165330
Yes;US-2022-166275
Yes;US-2022-167759
Yes;US-2022-168921
Yes;US-2023-100111
Yes;US-2023-100111
Yes;US-2023-100111
Yes;US-2023-100111
Yes;US-2023-100111
Yes;US-2023-100111
Yes;US-2023-100111
Yes;US-2023-100111
Yes;US-2023-100111
Yes;US-2023-100111
Yes;US-2023-100111
Yes;US-2023-100111
Yes;US-2023-100111
Yes;US-2023-100111
Yes;US-2023-101273
Yes;US-2023-101574
Yes;US-2023-101700
Yes;US-2023-101700
Yes;US-2023-101805
Yes;US-2023-101805
Yes;US-2023-101805
Yes;US-2023-102519
Yes;US-2023-102519
Yes;US-2023-103380
Yes;US-2023-103380
Yes;US-2023-103380
Yes;US-2023-103380
Yes;US-2023-103380
Yes;US-2023-107825
Yes;US-2023-107825
Yes;US-2023-107825
Yes;US-2023-107825
Yes;US-2023-108294
Yes;US-2023-108931
Yes;US-2023-108931
Yes;US-2023-109085
Yes;US-2023-109085
Yes;US-2023-109085
Yes;US-2023-109085
Yes;US-2023-109085
Yes;US-2023-111556
Yes;US-2023-111556
Yes;US-2023-111556
Yes;US-2023-111556
Yes;US-2023-112725
Yes;US-2023-112725
Yes;US-2023-112725
Yes;US-2023-112753
Yes;US-2023-112753
Yes;US-2023-112865
Yes;US-2023-113670
Yes;US-2023-113670
Yes;US-2023-115427
Yes;US-2023-115427
Yes;US-2023-115994
Yes;US-2023-115994
Yes;US-2023-117212
Yes;US-2023-117212
Yes;US-2023-117212
Yes;US-2023-117212
Yes;US-2023-117212
Yes;US-2023-117513
Yes;US-2023-117926
Yes;US-2023-118122
Yes;US-2023-118542
Yes;US-2023-118542
Yes;US-2023-119284
Yes;US-2023-119284
Yes;US-2023-119284
Yes;US-2023-119284
Yes;US-2023-119284
Yes;US-2023-119284
Yes;US-2023-119284
Yes;US-2023-121258
Yes;US-2023-121258
Yes;US-2023-121258
Yes;US-2023-121853
Yes;US-2023-121853
Yes;US-2023-121853
Yes;US-2023-122007
Yes;US-2023-122504
Yes;US-2023-122504
Yes;US-2023-123085
Yes;US-2023-123085
Yes;US-2023-123491
Yes;US-2023-123491
Yes;US-2023-123491
Yes;US-2023-123491
Yes;US-2023-123491
Yes;US-2023-123491
Yes;US-2023-124401
Yes;US-2023-124401
Yes;US-2023-127306
Yes;US-2023-127306
Yes;US-2023-127306
Yes;US-2023-127306
Yes;US-2023-127306
Yes;US-2023-128965
Yes;US-2023-128965
Yes;US-2023-128965
Yes;US-2023-128965
Yes;US-2023-128965
Yes;US-2023-128965
Yes;US-2023-129707
Yes;US-2023-130631
Yes;US-2023-130631
Yes;US-2023-131492
Yes;US-2023-131492
Yes;US-2023-131492
Yes;US-2023-131492
Yes;US-2023-131618
Yes;US-2023-131618
Yes;US-2023-131618
Yes;US-2023-131807
Yes;US-2023-131807
Yes;US-2023-131807
Yes;US-2023-131807
Yes;US-2023-131807
Yes;US-2023-131807
Yes;US-2023-131828
Yes;US-2023-131828
Yes;US-2023-132346
Yes;US-2023-134194
Yes;US-2023-134194
Yes;US-2023-134194
Yes;US-2023-134194
Yes;US-2023-134194
Yes;US-2023-135692
Yes;US-2023-135692
Yes;US-2023-136308
Yes;US-2023-136539
Yes;US-2023-136539
Yes;US-2023-136651
Yes;US-2023-136651
Yes;US-2023-136651
Yes;US-2023-137085
Yes;US-2023-137099
Yes;US-2023-137414
Yes;US-2023-137414
Yes;US-2023-137428
Yes;US-2023-137428
Yes;US-2023-137428
Yes;US-2023-137428
Yes;US-2023-138163
Yes;US-2023-140053
Yes;US-2023-140151
Yes;US-2023-140151
Yes;US-2023-140151
Yes;US-2023-140186
Yes;US-2023-140186
Yes;US-2023-140186
Yes;US-2023-140186
Yes;US-2023-140186
Yes;US-2023-140585
Yes;US-2023-140585
Yes;US-2023-140585
Yes;US-2023-140963
Yes;US-2023-140963
Yes;US-2023-140963
Yes;US-2023-141929
Yes;US-2023-141929
Yes;US-2023-141929
Yes;US-2023-142328
Yes;US-2023-142342
Yes;US-2023-142342
Yes;US-2023-142342
Yes;US-2023-142342
Yes;US-2023-142867
Yes;US-2023-142867
Yes;US-2023-142888
Yes;US-2023-143084
Yes;US-2023-143084
Yes;US-2023-144064
Yes;US-2023-144064
Yes;US-2023-144064
Yes;US-2023-145128
Yes;US-2023-145772
Yes;US-2023-145772
Yes;US-2023-145772
Yes;US-2023-147452
Yes;US-2023-147452
Yes;US-2023-147452
Yes;US-2023-150609
Yes;US-2023-150910
Yes;US-2023-150910
Yes;US-2023-150910
Yes;US-2023-150910
Yes;US-2023-150910
Yes;US-2023-152660
Yes;US-2023-153822
Yes;US-2023-153822
Yes;US-2023-153822
Yes;US-2023-153822
Yes;US-2023-154074
Yes;US-2023-154074
Yes;US-2023-154214
Yes;US-2023-154949
Yes;US-2023-155712
Yes;US-2023-156391
Yes;US-2023-156958
Yes;US-2023-156958
Yes;US-2023-156958
Yes;US-2023-156958
Yes;US-2023-156958
Yes;US-2023-157196
Yes;US-2023-158729
Yes;US-2023-159954
Yes;US-2023-161459
Yes;US-2023-161459
Yes;US-2023-161557
Yes;US-2023-161956
Yes;US-2023-161956
Yes;US-2023-161956
Yes;US-2023-161956
Yes;US-2023-161956
Yes;US-2023-161956
Yes;US-2023-161956
Yes;US-2023-161956
Yes;US-2023-162015
Yes;US-2023-162015
Yes;US-2023-165008
Yes;US-2023-165491
Yes;US-2023-166093
Yes;US-2023-166093
Yes;US-2023-166093
Yes;US-2023-166093
Yes;US-2023-166093
Yes;US-2023-166093
Yes;US-2023-166093
Yes;US-2023-166142
Yes;US-2023-166142
Yes;US-2023-166898
Yes;US-2023-166898
Yes;US-2023-167003
Yes;US-2023-167395
Yes;US-2023-167395
Yes;US-2023-167395
Yes;US-2023-168193
Yes;US-2023-168193
Yes;US-2023-169327
Yes;US-2023-169327
Yes;US-2023-169327
Yes;US-2023-169859
Yes;US-2023-169859
Yes;US-2023-169859
Yes;US-2023-169894
Yes;US-2023-169894
Yes;US-2020-105137
Yes;US-2020-105137
Yes;US-2020-138758
Yes;US-2020-138758
Yes;US-2020-140452
Yes;US-2020-140452
Yes;US-2020-140452
Yes;US-2020-140452
Yes;US-2020-140452
Yes;US-2020-140452
Yes;US-2020-143287
Yes;US-2020-143287
Yes;US-2020-143287
Yes;US-2020-150574
Yes;US-2020-150574
Yes;US-2020-164406
Yes;US-2020-164406
Yes;US-2020-164406
Yes;US-2020-164406
Yes;US-2020-164406
Yes;US-2020-164763
Yes;US-2020-164763
Yes;US-2020-164763
Yes;US-2020-164763
Yes;US-2020-164763
Yes;US-2021-110569
Yes;US-2021-110569
Yes;US-2021-126214
Yes;US-2021-126214
Yes;US-2021-128090
Yes;US-2021-128090
Yes;US-2021-128090
Yes;US-2021-128090
Yes;US-2021-136749
Yes;US-2021-136749
Yes;US-2021-136987
Yes;US-2021-136987
Yes;US-2021-137008
Yes;US-2021-137008
Yes;US-2021-137008
Yes;US-2021-160857
Yes;US-2021-160857
Yes;US-2021-160857
Yes;US-2021-160857
Yes;US-2021-160857
Yes;US-2022-105578
Yes;US-2022-105578
Yes;US-2022-105578
Yes;US-2022-105578
Yes;US-2022-105578
Yes;US-2022-108455
Yes;US-2022-108455
Yes;US-2022-108455
Yes;US-2022-111528
Yes;US-2022-111528
Yes;US-2022-114230
Yes;US-2022-114293
Yes;US-2022-115952
Yes;US-2022-119046
Yes;US-2022-119046
Yes;US-2022-119046
Yes;US-2022-127425
Yes;US-2022-127425
Yes;US-2022-131149
Yes;US-2022-131149
Yes;US-2022-135720
Yes;US-2022-135720
Yes;US-2022-135720
Yes;US-2022-140172
Yes;US-2022-140172
Yes;US-2022-144057
Yes;US-2022-144057
Yes;US-2022-144057
Yes;US-2022-144057
Yes;US-2022-144057
Yes;US-2022-148957
Yes;US-2022-151827
Yes;US-2022-151827
Yes;US-2022-152051
Yes;US-2022-152051
Yes;US-2022-152051
Yes;US-2022-156986
Yes;US-2022-156986
Yes;US-2022-156986
Yes;US-2022-156986
Yes;US-2022-157490
Yes;US-2022-157490
Yes;US-2022-157490
Yes;US-2022-157490
Yes;US-2023-103247
Yes;US-2023-103247
Yes;US-2023-103828
Yes;US-2023-103828
Yes;US-2023-103828
Yes;US-2023-103828
Yes;US-2023-105046
Yes;US-2023-105046
Yes;US-2023-105046
Yes;US-2023-107888
Yes;US-2023-107888
Yes;US-2023-107888
Yes;US-2023-107888
Yes;US-2023-109253
Yes;US-2023-109253
Yes;US-2023-109253
Yes;US-2023-109253
Yes;US-2023-109253
Yes;US-2023-109253
Yes;US-2023-109253
Yes;US-2023-118087
Yes;US-2023-118087
Yes;US-2023-118087
Yes;US-2023-118087
Yes;US-2023-118087
Yes;US-2023-118087
Yes;US-2023-118087
Yes;US-2023-118087
Yes;US-2023-123834
Yes;US-2023-136679
Yes;US-2023-136679
Yes;US-2023-147886
Yes;US-2023-147886
Yes;US-2023-147886
Yes;US-2023-147886
Yes;US-2023-147886
Yes;US-2023-147886
Yes;US-2023-147886
Yes;US-2023-147998
Yes;US-2023-151127
Yes;US-2023-155999
Yes;US-2023-155999
